<?xml version='1.0' ?>
<Manifest>
    <Id>8k36t53jbx</Id>
    <Secret>4C340D26B817C1B579851E36E4EFB789</Secret>
  <AppVersion>1.0.0</AppVersion>
  <ManifestVersion>1.2</ManifestVersion>
  <AppType>C++App</AppType>
    <Privileges>
        <Privilege>
            <Name>LOCAL_CONTENT</Name>
        </Privilege>
        <Privilege>
            <Name>LOCATION</Name>
        </Privilege>
        <Privilege>
            <Name>CAMERA</Name>
        </Privilege>
        <Privilege>
            <Name>IMAGE</Name>
        </Privilege>
        <Privilege>
            <Name>HTTP</Name>
        </Privilege>
        <Privilege>
            <Name>NET</Name>
        </Privilege>
        <Privilege>
            <Name>SOCKET</Name>
        </Privilege>
        <Privilege>
            <Name>ADDRESSBOOK</Name>
        </Privilege>
        <Privilege>
            <Name>SYSTEM_SERVICE</Name>
        </Privilege>
        <Privilege>
            <Name>TELEPHONY</Name>
        </Privilege>
        <Privilege>
            <Name>WEB_SERVICE</Name>
        </Privilege>
    </Privileges>
    <DeviceProfile>
        <APIVersion>2.0</APIVersion>
    </DeviceProfile>
</Manifest>